contract_player_name,contract_year,contract_value,total_passing_attempts,total_passing_completions,total_passing_yards,total_passing_rating,total_passing_touchdowns,total_passing_interceptions,total_passing_sacks,total_passing_sacks_yards_lost,total_rushing_attempts,total_rushing_yards,total_rushing_touchdowns,total_games
Chad Pennington,2004,64198000.0,516,793,5823,2816.3,41,20,55,329,55,108,4,30
Chad Pennington,2010,5750000.0,397,588,4318,1860.2,21,13,33,181,34,69,1,20
Chad Pennington,2008,8000000.0,850,1304,9081,3756.3999999999996,48,39,91,553,102,308,2,44
Chad Pennington,2000,5755010.0,0,0,0,0,0,0,0,0,0,0,0,0
Michael Vick,2004,91000000.0,366,697,4697,2285.3,23,16,66,410,200,1415,10,30
Michael Vick,2011,80000000.0,260,423,3472,2004.0,24,7,37,231,133,803,12,26
Michael Vick,2001,37300000.0,0,0,0,0,0,0,0,0,0,0,0,0
Michael Vick,2013,7500000.0,457,774,5665,1961.8000000000002,30,24,51,279,138,921,2,23
Michael Vick,2014,4000000.0,77,141,1215,469.9,5,3,15,99,36,306,2,7
Michael Vick,2009,6875000.0,622,1136,7417,3766.9000000000005,51,39,129,817,357,2683,11,48
Michael Vick,2015,970000.0,64,121,604,388.40000000000003,3,2,19,85,26,153,0,10
Drew Brees,2012,100000000.0,2719,4019,31055,10292.9,221,96,130,891,164,211,4,103
Drew Brees,2016,24250000.0,1796,2679,20720,6533.299999999998,149,61,126,864,106,152,6,65
Drew Brees,2018,50000000.0,737,1046,8237,2777.5000000000005,53,20,40,273,45,36,4,27
Drew Brees,2020,50000000.0,0,0,0,0,0,0,0,0,0,0,0,0
Drew Brees,2006,60000000.0,323,500,3576,1472.3,24,15,27,223,21,49,1,16
Drew Brees,2005,8078000.0,833,1351,9091,3698.999999999999,58,39,67,512,119,334,3,45
Drew Brees,2001,3605000.0,0,0,0,0,0,0,0,0,0,0,0,0
David Carr,2002,48750000.0,0,0,0,0,0,0,0,0,0,0,0,0
David Carr,2007,6200000.0,1243,2070,13391,5693.0,59,65,249,1466,268,1235,8,76
David Carr,2010,6250000.0,21,33,225,518.2,1,0,2,11,9,27,1,6
David Carr,2009,2100000.0,9,12,115,261.79999999999995,2,0,1,2,8,10,0,3
David Carr,2008,1000000.0,73,136,635,401.00000000000006,3,5,13,74,17,59,0,7
David Carr,2013,1050000.0,2,3,19,174.9,0,0,1,6,3,-3,0,2
David Carr,2012,990000.0,0,0,0,0,0,0,0,0,0,0,0,0
David Carr,2011,860000.0,5,13,67,23.6,0,1,1,5,0,0,0,1
Josh McCown,2018,10000000.0,235,349,2549,1081.2,17,8,35,245,28,98,3,11
Josh McCown,2014,10000000.0,149,224,1829,850.4,13,1,11,37,13,69,1,8
Josh McCown,2017,6000000.0,276,457,3209,1064.2,18,10,41,263,27,119,1,13
Josh McCown,2015,14000000.0,184,327,2206,761.1,11,14,36,235,25,127,3,11
Josh McCown,2006,6000000.0,163,270,1836,545.6,9,11,18,101,29,139,0,9
Josh McCown,2008,6250000.0,111,190,1151,677.1999999999999,10,11,14,92,29,143,0,12
Josh McCown,2005,1430000.0,335,592,3595,1602.6000000000001,16,18,61,487,65,290,3,26
Josh McCown,2019,2000000.0,0,0,0,0,0,0,0,0,0,0,0,0
Josh McCown,2012,875000.0,35,55,414,181.4,2,4,7,43,12,68,0,3
Josh McCown,2013,865000.0,0,0,0,0,0,0,0,0,0,0,0,0
Josh McCown,2012,825000.0,35,55,414,181.4,2,4,7,43,12,68,0,3
Josh McCown,2011,810000.0,1,6,2,39.6,0,0,1,6,4,-3,0,3
Josh McCown,2002,1388000.0,0,0,0,0,0,0,0,0,0,0,0,0
Josh McCown,2020,2125000.0,0,0,0,0,0,0,0,0,0,0,0,0
Josh McCown,2020,204000.0,0,0,0,0,0,0,0,0,0,0,0,0
Carson Palmer,2005,97000000.0,263,432,2897,1047.6,18,18,25,178,18,47,1,13
Carson Palmer,2016,21000000.0,531,842,6881,2400.2,50,20,40,239,33,49,1,24
Carson Palmer,2014,49500000.0,362,572,4274,1361.3,24,22,41,289,27,3,0,16
Carson Palmer,2011,43000000.0,1780,2822,20009,7510.199999999998,137,83,138,974,162,271,4,86
Carson Palmer,2003,40000000.0,0,0,0,0,0,0,0,0,0,0,0,0
Carson Palmer,2013,17000000.0,544,893,6771,2112.9,35,30,43,318,34,56,2,25
Eli Manning,2015,84000000.0,2138,3488,26351,8857.399999999996,170,112,171,1211,142,267,2,100
Eli Manning,2009,97500000.0,1389,2477,15920,6030.7,106,81,134,920,120,229,3,80
Eli Manning,2004,47990000.0,0,0,0,0,0,0,0,0,0,0,0,0
Philip Rivers,2015,83250000.0,2192,3333,26601,9854.599999999999,178,88,215,1286,181,370,3,99
Philip Rivers,2020,25000000.0,1027,1627,12126,3990.7999999999997,82,41,88,530,45,58,0,43
Philip Rivers,2009,91800000.0,997,1617,12219,5214.799999999999,85,43,91,584,122,174,1,59
Philip Rivers,2004,41250000.0,0,0,0,0,0,0,0,0,0,0,0,0
Ben Roethlisberger,2019,68000000.0,1003,1538,12008,3950.900000000001,74,45,60,452,61,83,1,42
Ben Roethlisberger,2015,87400000.0,2410,3783,29321,10382.500000000004,176,85,300,1945,256,741,8,111
Ben Roethlisberger,2008,87986500.0,1026,1625,13220,5943.399999999998,96,65,160,1055,186,640,10,63
Ben Roethlisberger,2021,14000000.0,0,0,0,0,0,0,0,0,0,0,0,0
Ben Roethlisberger,2004,25219500.0,0,0,0,0,0,0,0,0,0,0,0,0
Matt Schaub,2012,62000000.0,1382,2118,16903,5982.699999999999,92,52,112,748,133,214,4,64
Matt Schaub,2007,48000000.0,84,161,1033,792.2,6,6,11,49,24,123,0,39
Matt Schaub,2014,13500000.0,632,991,6923,2330.2000000000003,34,28,49,387,31,17,0,28
Matt Schaub,2017,8000000.0,1,3,16,158.3,0,0,0,0,2,-2,0,5
Matt Schaub,2015,2000000.0,5,10,57,35.2,0,2,3,24,0,0,0,11
Matt Schaub,2016,1750000.0,52,80,540,151.7,3,4,3,27,4,10,0,2
Matt Schaub,2019,3780000.0,0,0,0,0,0,0,0,0,0,0,0,0
Matt Schaub,2004,1365000.0,0,0,0,0,0,0,0,0,0,0,0,0
Luke McCown,2009,7500000.0,142,238,1617,707.5,9,10,27,226,21,157,0,12
Luke McCown,2011,1800000.0,12,22,122,195.4,0,0,2,7,1,4,0,4
Luke McCown,2016,3000000.0,32,39,335,208.4,0,1,1,0,0,0,0,8
Luke McCown,2015,1050000.0,0,0,0,0,0,0,0,0,0,0,0,16
Luke McCown,2014,920000.0,0,1,0,39.6,0,0,0,0,3,-4,0,18
Luke McCown,2012,825000.0,30,56,296,211.5,0,4,4,38,7,23,0,4
Luke McCown,2013,825000.0,0,0,0,0,0,0,0,0,2,-3,0,2
Luke McCown,2017,1080000.0,0,0,0,0,0,0,0,0,0,0,0,0
Luke McCown,2004,2475000.0,0,0,0,0,0,0,0,0,0,0,0,0
Alex Smith,2018,94000000.0,1258,1898,13734,5745.5,75,27,150,797,244,1201,9,60
Alex Smith,2014,68000000.0,491,772,5428,2519.3,40,12,65,362,115,620,1,26
Alex Smith,2005,49500000.0,0,0,0,0,0,0,0,0,0,0,0,0
Alex Smith,2012,24000000.0,309,513,3639,1677.2,22,5,51,316,59,249,3,18
Alex Smith,2011,4000000.0,429,714,4720,1836.6000000000001,32,22,47,274,42,111,0,22
Alex Smith,2009,6500000.0,435,800,4679,2033.1000000000001,19,31,81,508,87,339,2,32
Jason Campbell,2005,7500000.0,0,0,0,0,0,0,0,0,0,0,0,0
Jason Campbell,2010,4600000.0,1002,1637,10860,4274.699999999999,55,38,109,716,153,786,3,52
Jason Campbell,2012,3500000.0,294,494,3557,1581.6000000000001,19,12,38,227,65,282,3,19
Jason Campbell,2010,3143250.0,1002,1637,10860,4274.699999999999,55,38,109,716,153,786,3,52
Jason Campbell,2013,3750000.0,32,51,265,327.1,2,2,6,49,7,28,0,6
Jason Campbell,2014,1500000.0,180,317,2015,677.4,11,8,16,97,14,107,0,9
Kyle Orton,2010,8379000.0,608,1006,6774,2623.8,39,24,56,319,48,120,3,31
Kyle Orton,2014,11000000.0,42,61,487,307.7,3,2,0,0,1,8,0,4
Kyle Orton,2012,10500000.0,443,750,5411,1773.1999999999996,29,18,44,297,33,111,0,22
Kyle Orton,2008,3000000.0,233,448,2347,1149.3000000000002,12,15,32,202,29,43,0,18
Kyle Orton,2010,2621000.0,608,1006,6774,2623.8,39,24,56,319,48,120,3,31
Kyle Orton,2005,1843000.0,0,0,0,0,0,0,0,0,0,0,0,0
Matt Cassel,2009,63000000.0,349,555,3946,1978.8,23,13,50,235,86,297,3,35
Matt Cassel,2014,10500000.0,153,254,1807,730.3,11,9,16,85,18,57,1,9
Matt Cassel,2013,3700000.0,863,1507,9619,3762.2000000000007,59,47,112,663,138,564,1,49
Matt Cassel,2017,5250000.0,30,51,284,247.8,2,2,5,23,4,3,0,4
Matt Cassel,2015,2000000.0,41,71,425,218.60000000000002,3,4,6,39,9,18,0,3
Matt Cassel,2015,2000000.0,41,71,425,218.60000000000002,3,4,6,39,9,18,0,3
Matt Cassel,2016,2000000.0,119,204,1276,529.5,5,7,14,86,15,78,0,10
Matt Cassel,2018,1105000.0,25,42,162,93.8,1,2,8,30,0,0,0,3
Matt Cassel,2005,1439000.0,0,0,0,0,0,0,0,0,0,0,0,0
Ryan Fitzpatrick,2011,59000000.0,382,668,4422,1742.6000000000001,32,25,45,272,71,410,1,23
Ryan Fitzpatrick,2016,12000000.0,532,874,6388,2549.1,48,23,40,177,110,454,4,28
Ryan Fitzpatrick,2021,10000000.0,0,0,0,0,0,0,0,0,0,0,0,0
Ryan Fitzpatrick,2019,11000000.0,0,0,0,0,0,0,0,0,0,0,0,0
Ryan Fitzpatrick,2014,7250000.0,217,350,2454,921.6,14,12,21,109,43,225,3,11
Ryan Fitzpatrick,2013,6500000.0,659,1074,7232,2622.4,48,39,52,309,104,412,1,32
Ryan Fitzpatrick,2009,8250000.0,221,372,1905,863.7,8,9,38,193,60,304,2,13
Ryan Fitzpatrick,2018,3300000.0,96,163,1103,474.29999999999995,7,3,7,34,15,78,0,6
Ryan Fitzpatrick,2017,3000000.0,228,403,2710,963.1000000000001,12,17,19,81,33,130,0,14
Ryan Fitzpatrick,2008,927000.0,76,135,777,253.60000000000002,4,8,9,49,17,64,2,6
Ryan Fitzpatrick,2005,953250.0,0,0,0,0,0,0,0,0,0,0,0,0
JaMarcus Russell,2007,61000000.0,0,0,0,0,0,0,0,0,0,0,0,0
Kevin Kolb,2011,62108000.0,115,189,1197,463.0,7,7,15,99,15,65,0,7
Kevin Kolb,2010,12222000.0,79,130,885,423.29999999999995,4,7,3,27,21,-1,1,12
Kevin Kolb,2013,6100000.0,255,436,3124,1320.3999999999999,17,11,57,378,33,165,1,15
Kevin Kolb,2007,4330000.0,0,0,0,0,0,0,0,0,0,0,0,0
Drew Stanton,2016,6500000.0,143,265,1815,1019.0000000000001,7,7,13,74,38,50,0,16
Drew Stanton,2018,6500000.0,63,139,732,434.5,5,5,5,31,9,4,0,8
Drew Stanton,2012,1250000.0,0,0,0,0,0,0,0,0,0,0,0,0
Drew Stanton,2007,3405000.0,0,0,0,0,0,0,0,0,0,0,0,0
Drew Stanton,2011,900000.0,104,187,1158,794.3,5,9,17,104,30,166,2,12
Drew Stanton,2020,204000.0,0,0,0,0,0,0,0,0,0,0,0,0
Matt Ryan,2018,150000000.0,1948,2886,22642,7799.8,138,62,166,1113,143,492,1,78
Matt Ryan,2013,103750000.0,1778,2824,20187,7707.700000000001,136,67,124,799,213,518,5,83
Matt Ryan,2008,67500000.0,0,0,0,0,0,0,0,0,0,0,0,0
Joe Flacco,2013,120600000.0,1714,2862,20305,8052.899999999998,121,64,201,1389,243,509,8,93
Joe Flacco,2016,66400000.0,1018,1655,11240,3747.1000000000004,66,48,84,628,87,232,6,44
Joe Flacco,2008,23800000.0,0,0,0,0,0,0,0,0,0,0,0,0
Joe Flacco,2021,3500000.0,0,0,0,0,0,0,0,0,0,0,0,0
Joe Flacco,2022,3500000.0,0,0,0,0,0,0,0,0,0,0,0,0
Joe Flacco,2020,1500000.0,665,1023,6192,2167.7,29,26,56,405,37,112,2,27
Chad Henne,2014,8000000.0,471,811,5325,1938.6999999999998,24,25,66,412,46,141,1,25
Chad Henne,2012,6750000.0,646,1065,7114,2545.7000000000007,31,37,67,421,66,196,2,36
Chad Henne,2016,8000000.0,42,78,492,228.7,3,1,16,105,4,25,0,3
Chad Henne,2017,3500000.0,0,0,0,0,0,0,0,0,1,-2,0,1
Chad Henne,2018,6700000.0,0,2,0,39.6,0,0,0,0,3,-3,0,1
Chad Henne,2022,2000000.0,0,0,0,0,0,0,0,0,0,0,0,0
Chad Henne,2020,3250000.0,0,0,0,0,0,0,0,0,0,0,0,0
Chad Henne,2008,3430100.0,0,0,0,0,0,0,0,0,0,0,0,0
Josh Johnson,2012,2115000.0,96,177,1042,1035.8999999999999,5,10,16,91,37,254,0,26
Josh Johnson,2013,1895000.0,0,0,0,0,0,0,0,0,0,0,0,1
Josh Johnson,2021,1075000.0,0,0,0,0,0,0,0,0,0,0,0,0
Josh Johnson,2021,1075000.0,0,0,0,0,0,0,0,0,0,0,0,0
Josh Johnson,2021,1075000.0,0,0,0,0,0,0,0,0,0,0,0,0
Josh Johnson,2023,1317500.0,0,0,0,0,0,0,0,0,0,0,0,0
Josh Johnson,2022,1220000.0,0,0,0,0,0,0,0,0,0,0,0,0
Josh Johnson,2017,1950000.0,0,0,0,0,0,0,0,0,0,0,0,0
Josh Johnson,2012,700000.0,96,177,1042,1035.8999999999999,5,10,16,91,37,254,0,26
Josh Johnson,2016,885000.0,0,0,0,0,0,0,0,0,0,0,0,0
Josh Johnson,2018,1005000.0,0,0,0,0,0,0,0,0,0,0,0,0
Josh Johnson,2019,1030000.0,0,0,0,0,0,0,0,0,0,0,0,0
Josh Johnson,2017,1815000.0,0,0,0,0,0,0,0,0,0,0,0,0
Josh Johnson,2017,900000.0,0,0,0,0,0,0,0,0,0,0,0,0
Josh Johnson,2022,1120000.0,0,0,0,0,0,0,0,0,0,0,0,0
Josh Johnson,2015,745000.0,0,0,0,0,0,0,0,0,7,20,0,2
Josh Johnson,2018,915000.0,0,0,0,0,0,0,0,0,0,0,0,0
Josh Johnson,2008,1877500.0,0,0,0,0,0,0,0,0,0,0,0,0
Josh Johnson,2021,343444.0,0,0,0,0,0,0,0,0,0,0,0,0
Josh Johnson,2021,297722.0,0,0,0,0,0,0,0,0,0,0,0,0
Josh Johnson,2022,334222.0,0,0,0,0,0,0,0,0,0,0,0,0
Josh Johnson,2022,288000.0,0,0,0,0,0,0,0,0,0,0,0,0
Josh Johnson,2021,252000.0,0,0,0,0,0,0,0,0,0,0,0,0
Josh Johnson,2020,204000.0,0,0,0,0,0,0,0,0,0,0,0,0
Matt Flynn,2012,19500000.0,82,132,1015,905.3000000000001,9,5,13,62,32,18,1,35
Matt Flynn,2013,11500000.0,5,9,68,79.9,0,0,0,0,4,-5,0,3
Matt Flynn,2013,1793750.0,5,9,68,79.9,0,0,0,0,4,-5,0,3
Matt Flynn,2015,870000.0,132,216,1458,1002.8000000000001,8,6,26,147,30,55,0,14
Matt Flynn,2008,1769175.0,0,0,0,0,0,0,0,0,0,0,0,0
Matthew Stafford,2022,160000000.0,247,395,3010,1106.8999999999999,21,6,36,198,22,88,0,11
Matthew Stafford,2017,135000000.0,1566,2496,18024,5965.200000000001,108,55,155,928,165,552,7,66
Matthew Stafford,2013,53000000.0,1142,1906,13187,3858.2,83,56,93,674,83,324,8,46
Matthew Stafford,2009,72000000.0,0,0,0,0,0,0,0,0,0,0,0,0
Mark Sanchez,2012,40475000.0,877,1571,10364,4083.1,64,54,96,635,114,323,12,53
Mark Sanchez,2009,47500000.0,0,0,0,0,0,0,0,0,0,0,0,0
Mark Sanchez,2015,9000000.0,198,309,2418,785.5,14,11,23,151,34,87,1,9
Mark Sanchez,2014,2250000.0,246,453,2883,1049.5,13,18,34,209,22,28,0,15
Mark Sanchez,2016,2000000.0,59,91,616,246.29999999999998,4,4,9,54,6,22,0,5
Mark Sanchez,2017,2000000.0,10,18,93,127.5,0,2,3,25,4,-2,0,2
Mark Sanchez,2018,915000.0,0,0,0,0,0,0,0,0,0,0,0,0
Tim Tebow,2010,11250000.0,0,0,0,0,0,0,0,0,0,0,0,0
Tim Tebow,2012,6054375.0,186,400,2835,1509.2,19,9,44,279,180,950,13,25
Tim Tebow,2013,1385000.0,6,8,39,460.5,0,0,2,7,32,102,0,12
Tim Tebow,2015,660000.0,0,0,0,0,0,0,0,0,0,0,0,0
Colt McCoy,2016,9000000.0,7,11,128,133.9,1,0,1,13,3,-3,0,1
Colt McCoy,2018,6500000.0,0,0,0,0,0,0,0,0,0,0,0,1
Colt McCoy,2022,7500000.0,0,0,0,0,0,0,0,0,0,0,0,0
Colt McCoy,2020,2250000.0,0,0,0,0,0,0,0,0,0,0,0,0
Colt McCoy,2015,1500000.0,91,128,1057,473.19999999999993,4,3,17,117,16,66,1,5
Colt McCoy,2021,1212500.0,0,0,0,0,0,0,0,0,0,0,0,0
Colt McCoy,2014,795000.0,410,703,4401,1810.7,21,20,59,330,99,357,1,28
Colt McCoy,2010,2541000.0,0,0,0,0,0,0,0,0,0,0,0,0
Cam Newton,2015,103800000.0,1201,2016,15137,5712.200000000001,87,59,160,1191,495,2697,33,65
Cam Newton,2011,22025498.0,0,0,0,0,0,0,0,0,0,0,0,0
Cam Newton,2021,8250000.0,0,0,0,0,0,0,0,0,0,0,0,0
Cam Newton,2021,5100000.0,0,0,0,0,0,0,0,0,0,0,0,0
Cam Newton,2020,1750000.0,830,1446,10507,3910.5000000000005,71,37,103,819,332,1554,22,45
Jake Locker,2011,12586002.0,0,0,0,0,0,0,0,0,0,0,0,0
Blaine Gabbert,2011,12001646.0,0,0,0,0,0,0,0,0,0,0,0,0
Blaine Gabbert,2015,4000000.0,417,784,4395,2083.2999999999997,23,24,74,518,76,191,0,29
Blaine Gabbert,2018,4000000.0,44,72,498,175.7,5,3,3,18,9,30,0,2
Blaine Gabbert,2021,2000000.0,0,0,0,0,0,0,0,0,0,0,0,0
Blaine Gabbert,2022,2250000.0,0,0,0,0,0,0,0,0,0,0,0,0
Blaine Gabbert,2019,1600000.0,0,0,0,0,0,0,0,0,0,0,0,0
Blaine Gabbert,2020,1187500.0,0,0,0,0,0,0,0,0,0,0,0,0
Blaine Gabbert,2023,1317500.0,0,0,0,0,0,0,0,0,0,0,0,0
Blaine Gabbert,2017,855000.0,269,442,2956,1100.3,15,13,36,212,72,358,3,14
Christian Ponder,2011,10158698.0,0,0,0,0,0,0,0,0,0,0,0,0
Christian Ponder,2015,2250000.0,632,1057,6658,2746.0000000000005,38,36,95,501,126,639,7,38
Christian Ponder,2015,745000.0,632,1057,6658,2746.0000000000005,38,36,95,501,126,639,7,38
Christian Ponder,2016,800000.0,0,0,0,0,0,0,0,0,0,0,0,0
Andy Dalton,2014,96000000.0,1062,1753,12078,4347.099999999999,81,55,108,621,157,513,7,51
Andy Dalton,2021,10000000.0,0,0,0,0,0,0,0,0,0,0,0,0
Andy Dalton,2023,10000000.0,0,0,0,0,0,0,0,0,0,0,0,0
Andy Dalton,2020,3000000.0,1147,1789,13381,5365.6,80,40,113,704,198,612,11,57
Andy Dalton,2022,3000000.0,0,0,0,0,0,0,0,0,0,0,0,0
Andy Dalton,2011,5214198.0,0,0,0,0,0,0,0,0,0,0,0,0
Colin Kaepernick,2014,114000000.0,476,801,6420,3171.4000000000005,38,16,66,401,208,1444,13,38
Colin Kaepernick,2016,31200000.0,433,722,4984,2054.0000000000005,25,15,80,510,149,895,2,25
Colin Kaepernick,2011,5124296.0,0,0,0,0,0,0,0,0,0,0,0,0
Ryan Mallett,2015,7000000.0,42,79,417,198.0,2,3,1,5,14,-11,0,7
Ryan Mallett,2017,2000000.0,139,250,1362,661.8000000000001,5,7,6,32,10,9,1,12
Ryan Mallett,2015,2245000.0,42,79,417,198.0,2,3,1,5,14,-11,0,7
Ryan Mallett,2011,2947828.0,0,0,0,0,0,0,0,0,0,0,0,0
T.J. Yates,2017,855000.0,0,0,0,0,0,0,0,0,0,0,0,0
T.J. Yates,2016,760000.0,160,282,1877,1221.1000000000001,7,11,25,121,25,53,1,20
T.J. Yates,2017,775000.0,0,0,0,0,0,0,0,0,0,0,0,0
T.J. Yates,2011,2225000.0,0,0,0,0,0,0,0,0,0,0,0,0
Tyrod Taylor,2016,90000000.0,242,380,3035,1431.1999999999998,20,6,36,212,104,568,4,14
Tyrod Taylor,2017,30500000.0,269,436,3023,1356.2,17,6,42,192,95,580,6,15
Tyrod Taylor,2021,5500000.0,0,0,0,0,0,0,0,0,0,0,0,0
Tyrod Taylor,2019,11000000.0,197,308,2025,994.7000000000002,12,3,31,162,66,302,3,11
Tyrod Taylor,2022,11000000.0,0,0,0,0,0,0,0,0,0,0,0,0
Tyrod Taylor,2015,3350000.0,19,35,199,357.40000000000003,0,2,5,33,27,136,1,14
Tyrod Taylor,2011,2145308.0,0,0,0,0,0,0,0,0,0,0,0,0
Greg McElroy,2011,2105152.0,0,0,0,0,0,0,0,0,0,0,0,0
Greg McElroy,2014,495000.0,0,0,0,0,0,0,0,0,0,0,0,0
Greg McElroy,2013,102000.0,19,31,214,184.0,1,1,11,71,8,30,0,2
Robert Griffin III,2016,15000000.0,689,1082,8181,3466.3000000000006,42,24,103,734,249,1501,8,38
Robert Griffin III,2012,21119098.0,0,0,0,0,0,0,0,0,0,0,0,0
Robert Griffin III,2019,4000000.0,0,0,0,0,0,0,0,0,0,0,0,0
Robert Griffin III,2018,1100000.0,87,147,886,354.19999999999993,2,3,22,138,31,190,2,5
Ryan Tannehill,2020,118000000.0,0,0,0,0,0,0,0,0,0,0,0,0
Ryan Tannehill,2015,77000000.0,1029,1662,11252,4024.0000000000005,63,42,139,970,145,760,4,48
Ryan Tannehill,2019,7000000.0,624,975,7203,2668.2999999999997,43,24,74,636,71,305,2,29
Ryan Tannehill,2012,12668512.0,0,0,0,0,0,0,0,0,0,0,0,0
Brandon Weeden,2012,8083596.0,0,0,0,0,0,0,0,0,0,0,0,0
Brandon Weeden,2016,4000000.0,121,181,1346,1081.3999999999999,8,4,11,86,22,46,1,11
Brandon Weeden,2017,1000000.0,0,0,0,0,0,0,0,0,0,0,0,0
Brandon Weeden,2014,1230000.0,438,784,5116,1671.5000000000002,23,26,55,366,39,155,0,23
Brandon Weeden,2018,790000.0,0,0,0,0,0,0,0,0,0,0,0,1
Brock Osweiler,2016,72000000.0,187,305,2126,1193.2,11,6,25,159,40,50,1,22
Brock Osweiler,2012,3516678.0,0,0,0,0,0,0,0,0,0,0,0,0
Brock Osweiler,2018,880000.0,62,117,701,259.70000000000005,3,4,6,42,6,22,0,4
Brock Osweiler,2017,775000.0,338,575,3322,1204.5,17,19,30,223,37,164,3,17
Russell Wilson,2022,245000000.0,0,0,0,0,0,0,0,0,0,0,0,0
Russell Wilson,2019,140000000.0,1022,1574,12229,4657.599999999999,86,32,125,806,257,1312,5,47
Russell Wilson,2015,87600000.0,917,1454,11770,5528.7,84,32,143,845,351,2132,13,56
Russell Wilson,2012,2996774.0,0,0,0,0,0,0,0,0,0,0,0,0
Nick Foles,2019,88000000.0,0,0,0,0,0,0,0,0,0,0,0,0
Nick Foles,2015,25000000.0,573,926,6948,2780.3000000000006,48,17,59,397,85,334,4,29
Nick Foles,2018,29000000.0,4,4,56,214.5,0,0,1,8,7,-6,0,3
Nick Foles,2020,24000000.0,0,0,0,0,0,0,0,0,0,0,0,0
Nick Foles,2017,11000000.0,36,55,410,221.5,3,0,4,34,4,-4,0,3
Nick Foles,2016,8500000.0,190,337,2052,818.6,7,10,14,98,17,20,1,11
Nick Foles,2022,6200000.0,0,0,0,0,0,0,0,0,0,0,0,0
Nick Foles,2012,2768520.0,0,0,0,0,0,0,0,0,0,0,0,0
Kirk Cousins,2022,35000000.0,0,0,0,0,0,0,0,0,0,0,0,0
Kirk Cousins,2020,66000000.0,0,0,0,0,0,0,0,0,0,0,0,0
Kirk Cousins,2018,84000000.0,249,376,3038,1131.3,19,6,31,269,36,145,3,11
Kirk Cousins,2017,23943600.0,406,606,4917,1582.1999999999998,25,12,23,190,34,96,4,16
Kirk Cousins,2016,19953000.0,651,1006,7556,2942.4999999999995,48,30,48,374,43,106,6,32
Kirk Cousins,2012,2572688.0,0,0,0,0,0,0,0,0,0,0,0,0
Ryan Lindley,2015,1335000.0,61,121,644,209.39999999999998,3,6,10,77,0,0,0,4
Ryan Lindley,2015,660000.0,61,121,644,209.39999999999998,3,6,10,77,0,0,0,4
Ryan Lindley,2012,2205308.0,0,0,0,0,0,0,0,0,0,0,0,0
Ryan Lindley,2014,570000.0,89,171,752,294.79999999999995,0,7,12,91,4,7,0,7
Ryan Lindley,2014,107100.0,89,171,752,294.79999999999995,0,7,12,91,4,7,0,7
EJ Manuel,2013,8885300.0,0,0,0,0,0,0,0,0,0,0,0,0
EJ Manuel,2018,1000000.0,24,43,265,139.6,1,1,4,29,2,15,0,2
EJ Manuel,2017,800000.0,319,547,3502,1631.3,19,15,43,268,94,324,4,29
EJ Manuel,2019,805000.0,0,0,0,0,0,0,0,0,0,0,0,0
Geno Smith,2023,75000000.0,0,0,0,0,0,0,0,0,0,0,0,0
Geno Smith,2022,3500000.0,0,0,0,0,0,0,0,0,0,0,0,0
Geno Smith,2013,5019603.0,0,0,0,0,0,0,0,0,0,0,0,0
Geno Smith,2017,1200000.0,501,866,5962,2313.1000000000004,28,36,77,528,135,647,7,33
Geno Smith,2021,1212500.0,0,0,0,0,0,0,0,0,0,0,0,0
Geno Smith,2020,1187500.0,0,0,0,0,0,0,0,0,0,0,0,0
Geno Smith,2018,1000000.0,0,2,0,39.6,0,0,0,0,1,-1,0,1
Geno Smith,2019,895000.0,0,0,0,0,0,0,0,0,0,0,0,0
Geno Smith,2019,870000.0,0,0,0,0,0,0,0,0,0,0,0,0
Mike Glennon,2017,45000000.0,374,630,4100,1752.6000000000001,30,15,56,405,37,86,0,21
Mike Glennon,2018,8000000.0,93,140,833,304.7,4,5,8,78,4,4,0,5
Mike Glennon,2019,1950000.0,0,0,0,0,0,0,0,0,0,0,0,0
Mike Glennon,2021,1375000.0,0,0,0,0,0,0,0,0,0,0,0,0
Mike Glennon,2013,3104063.0,0,0,0,0,0,0,0,0,0,0,0,0
Mike Glennon,2020,1187500.0,0,0,0,0,0,0,0,0,0,0,0,0
Mike Glennon,2020,1150000.0,0,0,0,0,0,0,0,0,0,0,0,0
Mike Glennon,2022,277200.0,0,0,0,0,0,0,0,0,0,0,0,0
Mike Glennon,2022,277200.0,0,0,0,0,0,0,0,0,0,0,0,0
Mike Glennon,2020,204000.0,0,0,0,0,0,0,0,0,0,0,0,0
Matt Barkley,2017,4000000.0,129,216,1611,484.5,8,14,6,43,7,2,0,7
Matt Barkley,2018,4000000.0,0,0,0,0,0,0,0,0,0,0,0,0
Matt Barkley,2018,3350000.0,0,0,0,0,0,0,0,0,0,0,0,0
Matt Barkley,2021,1075000.0,0,0,0,0,0,0,0,0,0,0,0,0
Matt Barkley,2013,2739528.0,0,0,0,0,0,0,0,0,0,0,0,0
Matt Barkley,2023,1250200.0,0,0,0,0,0,0,0,0,0,0,0,0
Matt Barkley,2022,1145000.0,0,0,0,0,0,0,0,0,0,0,0,0
Matt Barkley,2017,775000.0,129,216,1611,484.5,8,14,6,43,7,2,0,7
Matt Barkley,2018,790000.0,0,0,0,0,0,0,0,0,0,0,0,0
Matt Barkley,2016,675000.0,30,50,300,216.4,0,4,3,24,5,-2,0,4
Matt Barkley,2022,358200.0,0,0,0,0,0,0,0,0,0,0,0,0
Matt Barkley,2016,244800.0,30,50,300,216.4,0,4,3,24,5,-2,0,4
Matt Barkley,2021,252000.0,0,0,0,0,0,0,0,0,0,0,0,0
Matt Barkley,2021,252000.0,0,0,0,0,0,0,0,0,0,0,0,0
Matt Barkley,2021,1100000.0,0,0,0,0,0,0,0,0,0,0,0,0
Ryan Nassib,2013,2613600.0,0,0,0,0,0,0,0,0,0,0,0,0
Ryan Nassib,2017,855000.0,9,10,128,275.0,1,0,2,11,2,-3,0,5
Ryan Nassib,2017,775000.0,9,10,128,275.0,1,0,2,11,2,-3,0,5
Landry Jones,2017,4400000.0,87,146,1082,698.4000000000001,7,7,7,62,11,-9,0,17
Landry Jones,2013,2599220.0,0,0,0,0,0,0,0,0,0,0,0,0
Landry Jones,2018,790000.0,0,0,0,0,0,0,0,0,3,-3,0,1
Landry Jones,2019,805000.0,0,0,0,0,0,0,0,0,0,0,0,0
B.J. Daniels,2013,2206512.0,0,0,0,0,0,0,0,0,0,0,0,0
B.J. Daniels,2016,1290000.0,1,2,7,58.3,0,0,0,0,6,6,0,8
B.J. Daniels,2014,1080000.0,0,0,0,0,0,0,0,0,0,0,0,0
B.J. Daniels,2015,1110000.0,0,0,0,0,0,0,0,0,0,0,0,0
B.J. Daniels,2016,600000.0,1,2,7,58.3,0,0,0,0,6,6,0,8
B.J. Daniels,2017,615000.0,0,0,0,0,0,0,0,0,0,0,0,0
B.J. Daniels,2015,510000.0,0,0,0,0,0,0,0,0,0,0,0,0
B.J. Daniels,2015,510000.0,0,0,0,0,0,0,0,0,0,0,0,0
B.J. Daniels,2014,170000.0,0,0,0,0,0,0,0,0,0,0,0,0
B.J. Daniels,2013,102000.0,0,0,0,0,0,0,0,0,0,0,0,0
B.J. Daniels,2015,112200.0,0,0,0,0,0,0,0,0,0,0,0,0
B.J. Daniels,2015,112200.0,0,0,0,0,0,0,0,0,0,0,0,0
B.J. Daniels,2016,117300.0,1,2,7,58.3,0,0,0,0,6,6,0,8
Sean Renfree,2013,2205896.0,0,0,0,0,0,0,0,0,0,0,0,0
Sean Renfree,2017,635000.0,3,7,11,10.7,0,1,2,17,1,-4,0,2
Johnny Manziel,2014,8248596.0,0,0,0,0,0,0,0,0,0,0,0,0
Teddy Bridgewater,2020,63000000.0,0,0,0,0,0,0,0,0,0,0,0,0
Teddy Bridgewater,2021,11500000.0,0,0,0,0,0,0,0,0,0,0,0,0
Teddy Bridgewater,2019,7250000.0,0,0,0,0,0,0,0,0,0,0,0,0
Teddy Bridgewater,2018,6000000.0,568,873,6296,2607.6000000000004,28,21,86,577,94,401,4,30
Teddy Bridgewater,2022,6500000.0,0,0,0,0,0,0,0,0,0,0,0,0
Teddy Bridgewater,2023,3000000.0,0,0,0,0,0,0,0,0,0,0,0,0
Teddy Bridgewater,2014,6849502.0,0,0,0,0,0,0,0,0,0,0,0,0
Derek Carr,2022,121422481.0,222,343,2444,947.5,16,8,13,68,13,16,0,10
Derek Carr,2023,150000000.0,0,0,0,0,0,0,0,0,0,0,0,0
Derek Carr,2017,125025000.0,1055,1732,11194,4151.300000000001,81,31,71,458,101,300,0,47
Derek Carr,2014,5371802.0,0,0,0,0,0,0,0,0,0,0,0,0
Jimmy Garoppolo,2018,137500000.0,65,96,708,878.5,6,0,8,51,26,14,0,19
Jimmy Garoppolo,2023,72750000.0,0,0,0,0,0,0,0,0,0,0,0,0
Jimmy Garoppolo,2022,7000000.0,0,0,0,0,0,0,0,0,0,0,0,0
Jimmy Garoppolo,2014,3483898.0,0,0,0,0,0,0,0,0,0,0,0,0
Logan Thomas,2014,2652092.0,0,0,0,0,0,0,0,0,0,0,0,0
Logan Thomas,2015,1235000.0,1,9,81,148.5,1,0,2,11,0,0,0,3
Logan Thomas,2015,170000.0,1,9,81,148.5,1,0,2,11,0,0,0,3
Logan Thomas,2016,117300.0,0,0,0,0,0,0,0,0,0,0,0,0
A.J. McCarron,2018,10000000.0,102,160,1066,629.4,7,3,15,87,19,40,0,10
A.J. McCarron,2020,4000000.0,0,0,0,0,0,0,0,0,0,0,0,0
A.J. McCarron,2019,3000000.0,0,0,0,0,0,0,0,0,0,0,0,0
A.J. McCarron,2021,1212500.0,0,0,0,0,0,0,0,0,0,0,0,0
A.J. McCarron,2014,2401652.0,0,0,0,0,0,0,0,0,0,0,0,0
Zach Mettenberger,2014,2345116.0,0,0,0,0,0,0,0,0,0,0,0,0
David Fales,2018,880000.0,0,0,0,0,0,0,0,0,0,0,0,0
David Fales,2020,910000.0,0,0,0,0,0,0,0,0,0,0,0,0
David Fales,2014,2334224.0,0,0,0,0,0,0,0,0,0,0,0,0
David Fales,2019,805000.0,0,0,0,0,0,0,0,0,0,0,0,0
David Fales,2019,805000.0,0,0,0,0,0,0,0,0,0,0,0,0
David Fales,2017,690000.0,2,5,22,53.7,0,0,1,5,1,0,0,1
David Fales,2015,1110000.0,0,0,0,0,0,0,0,0,0,0,0,0
David Fales,2016,600000.0,0,0,0,0,0,0,0,0,0,0,0,0
David Fales,2014,1530000.0,0,0,0,0,0,0,0,0,0,0,0,0
David Fales,2015,212500.0,0,0,0,0,0,0,0,0,0,0,0,0
David Fales,2016,170000.0,0,0,0,0,0,0,0,0,0,0,0,0
David Fales,2020,204000.0,0,0,0,0,0,0,0,0,0,0,0,0
David Fales,2014,107100.0,0,0,0,0,0,0,0,0,0,0,0,0
David Fales,2015,112200.0,0,0,0,0,0,0,0,0,0,0,0,0
Jameis Winston,2022,28000000.0,0,0,0,0,0,0,0,0,0,0,0,0
Jameis Winston,2015,25351277.0,0,0,0,0,0,0,0,0,0,0,0,0
Jameis Winston,2021,5500000.0,0,0,0,0,0,0,0,0,0,0,0,0
Jameis Winston,2023,4000000.0,0,0,0,0,0,0,0,0,0,0,0,0
Jameis Winston,2020,1100000.0,816,1361,10052,3472.2,60,39,75,509,122,429,7,40
Marcus Mariota,2022,18750000.0,0,0,0,0,0,0,0,0,0,0,0,0
Marcus Mariota,2020,17600000.0,699,1127,8517,3325.4,54,31,78,536,134,791,8,37
Marcus Mariota,2015,24213974.0,0,0,0,0,0,0,0,0,0,0,0,0
Marcus Mariota,2023,5000000.0,0,0,0,0,0,0,0,0,0,0,0,0
Marcus Mariota,2021,3500000.0,0,0,0,0,0,0,0,0,0,0,0,0
Sean Mannion,2021,1127500.0,0,0,0,0,0,0,0,0,0,0,0,0
Sean Mannion,2022,1272500.0,0,0,0,0,0,0,0,0,0,0,0,0
Sean Mannion,2015,3250896.0,0,0,0,0,0,0,0,0,0,0,0,0
Sean Mannion,2021,990000.0,0,0,0,0,0,0,0,0,0,0,0,0
Sean Mannion,2020,1047500.0,0,0,0,0,0,0,0,0,0,0,0,0
Sean Mannion,2019,895000.0,10,14,62,219.2,0,1,0,0,6,-10,0,5
Sean Mannion,2021,334000.0,0,0,0,0,0,0,0,0,0,0,0,0
Sean Mannion,2022,358200.0,0,0,0,0,0,0,0,0,0,0,0,0
Sean Mannion,2021,293000.0,0,0,0,0,0,0,0,0,0,0,0,0
Sean Mannion,2021,252000.0,0,0,0,0,0,0,0,0,0,0,0,0
Bryce Petty,2015,2833696.0,0,0,0,0,0,0,0,0,0,0,0,0
Brett Hundley,2019,1875000.0,115,194,1202,654.9000000000001,5,8,21,137,18,122,2,12
Brett Hundley,2021,990000.0,0,0,0,0,0,0,0,0,0,0,0,0
Brett Hundley,2022,1120000.0,0,0,0,0,0,0,0,0,0,0,0,0
Brett Hundley,2020,1047500.0,0,0,0,0,0,0,0,0,0,0,0,0
Brett Hundley,2015,2503632.0,0,0,0,0,0,0,0,0,0,0,0,0
Brett Hundley,2021,320000.0,0,0,0,0,0,0,0,0,0,0,0,0
Brett Hundley,2021,293000.0,0,0,0,0,0,0,0,0,0,0,0,0
Brett Hundley,2021,252000.0,0,0,0,0,0,0,0,0,0,0,0,0
Brett Hundley,2021,252000.0,0,0,0,0,0,0,0,0,0,0,0,0
Brett Hundley,2022,277200.0,0,0,0,0,0,0,0,0,0,0,0,0
Brett Hundley,2022,277200.0,0,0,0,0,0,0,0,0,0,0,0,0
Brett Hundley,2022,277200.0,0,0,0,0,0,0,0,0,0,0,0,0
Trevor Siemian,2019,2000000.0,452,754,5219,1901.2,29,20,57,353,54,154,1,23
Trevor Siemian,2022,4000000.0,0,0,0,0,0,0,0,0,0,0,0,0
Trevor Siemian,2023,1317500.0,0,0,0,0,0,0,0,0,0,0,0,0
Trevor Siemian,2021,990000.0,0,0,0,0,0,0,0,0,0,0,0,0
Trevor Siemian,2020,910000.0,0,0,0,0,0,0,0,0,0,0,0,0
Trevor Siemian,2015,2332784.0,0,0,0,0,0,0,0,0,0,0,0,0
Trevor Siemian,2020,204000.0,0,0,0,0,0,0,0,0,0,0,0,0
Jared Goff,2019,134000000.0,335,566,4053,1555.0,23,12,45,355,30,69,2,19
Jared Goff,2016,27937672.0,0,0,0,0,0,0,0,0,0,0,0,0
Jacoby Brissett,2019,27975000.0,230,378,2768,1243.8,9,5,49,299,57,253,4,14
Jacoby Brissett,2023,8000000.0,0,0,0,0,0,0,0,0,0,0,0,0
Jacoby Brissett,2021,5000000.0,0,0,0,0,0,0,0,0,0,0,0,0
Jacoby Brissett,2022,4650000.0,0,0,0,0,0,0,0,0,0,0,0,0
Jacoby Brissett,2016,3410832.0,0,0,0,0,0,0,0,0,0,0,0,0
Cody Kessler,2016,3389082.0,0,0,0,0,0,0,0,0,0,0,0,0
Cody Kessler,2019,912150.0,139,218,1506,951.0,6,3,27,188,12,17,0,12
Cody Kessler,2019,1565000.0,139,218,1506,951.0,6,3,27,188,12,17,0,12
Cody Kessler,2019,1540000.0,139,218,1506,951.0,6,3,27,188,12,17,0,12
Connor Cook,2016,2959888.0,0,0,0,0,0,0,0,0,0,0,0,0
Connor Cook,2019,685000.0,0,0,0,0,0,0,0,0,0,0,0,0
Connor Cook,2018,129200.0,32,66,311,113.4,2,4,5,29,0,0,0,2
Connor Cook,2018,129200.0,32,66,311,113.4,2,4,5,29,0,0,0,2
Cardale Jones,2016,2723392.0,0,0,0,0,0,0,0,0,0,0,0,0
Cardale Jones,2016,2723392.0,0,0,0,0,0,0,0,0,0,0,0,0
Cardale Jones,2019,645000.0,0,0,0,0,0,0,0,0,0,0,0,0
Cardale Jones,2018,129200.0,6,11,96,46.0,0,1,1,2,1,-1,0,1
Cardale Jones,2019,136000.0,0,0,0,0,0,0,0,0,0,0,0,0
Jake Rudock,2020,750000.0,0,0,0,0,0,0,0,0,0,0,0,0
Jake Rudock,2018,630000.0,0,0,0,0,0,0,0,0,0,0,0,2
Jake Rudock,2019,645000.0,0,0,0,0,0,0,0,0,0,0,0,0
Jake Rudock,2020,660000.0,0,0,0,0,0,0,0,0,0,0,0,0
Jake Rudock,2016,990000.0,0,0,0,0,0,0,0,0,0,0,0,0
Jake Rudock,2018,340000.0,0,0,0,0,0,0,0,0,0,0,0,2
Jake Rudock,2019,340000.0,0,0,0,0,0,0,0,0,0,0,0,0
Jake Rudock,2020,142800.0,0,0,0,0,0,0,0,0,0,0,0,0
Jake Rudock,2020,142800.0,0,0,0,0,0,0,0,0,0,0,0,0
